,seed,loss,sparse_categorical_accuracy,sparse_categorical_crossentropy
0,0,0.23026810586452484,0.9366554021835327,0.23026810586452484
1,1,0.25201329588890076,0.9392659664154053,0.25201329588890076
2,2,0.20660088956356049,0.9425675868988037,0.20660088956356049
3,3,0.22856159508228302,0.9378071427345276,0.22856159508228302
4,4,0.23546695709228516,0.9310503602027893,0.23546695709228516
