,seed,loss,sparse_categorical_accuracy,sparse_categorical_crossentropy
0,0,0.5445466637611389,0.8285472989082336,0.5445466637611389
1,1,0.6744954586029053,0.7985258102416992,0.6744954586029053
2,2,0.4791606664657593,0.8550368547439575,0.4791606664657593
3,3,0.33536219596862793,0.9001075029373169,0.33536219596862793
4,4,0.5570341944694519,0.8237868547439575,0.5570341944694519
