,seed,loss,sparse_categorical_accuracy,sparse_categorical_crossentropy
0,0,0.1669827401638031,0.9560043215751648,0.1669827401638031
1,1,0.19206486642360687,0.9489403963088989,0.19206486642360687
2,2,0.23421967029571533,0.9420300722122192,0.23421967029571533
3,3,0.2296096533536911,0.9462530612945557,0.2296096533536911
4,4,0.19845347106456757,0.9517045617103577,0.19845347106456757
