,seed,loss,sparse_categorical_accuracy,sparse_categorical_crossentropy
0,0,0.19809752702713013,0.965985894203186,0.19809752702713013
1,1,0.3697647452354431,0.9637592434883118,0.3697647452354431
2,2,0.22886262834072113,0.9617629051208496,0.22886262834072113
3,3,0.18586260080337524,0.9642199277877808,0.18586260080337524
4,4,0.29765084385871887,0.9593058824539185,0.29765084385871887
