,seed,loss,sparse_categorical_accuracy,sparse_categorical_crossentropy
0,0,0.16114361584186554,0.9668304920196533,0.16114361584186554
1,1,0.13770854473114014,0.9636056423187256,0.13770854473114014
2,2,0.1964143067598343,0.963298499584198,0.1964143067598343
3,3,0.16285887360572815,0.9653716087341309,0.16285887360572815
4,4,0.17836293578147888,0.965525209903717,0.17836293578147888
