,seed,loss,sparse_categorical_accuracy,sparse_categorical_crossentropy
0,0,0.184072345495224,0.9467905163764954,0.184072345495224
1,1,0.23434624075889587,0.9315110445022583,0.23434624075889587
2,2,0.20102521777153015,0.9431050419807434,0.20102521777153015
3,3,0.18294553458690643,0.9451781511306763,0.18294553458690643
4,4,0.20861640572547913,0.9389588236808777,0.20861640572547913
