,seed,loss,sparse_categorical_accuracy,sparse_categorical_crossentropy
0,0,0.2275937795639038,0.9298986196517944,0.2275937795639038
1,1,0.21581844985485077,0.9441031813621521,0.21581844985485077
2,2,0.21462062001228333,0.9373464584350586,0.21462062001228333
3,3,0.2452685534954071,0.9314342737197876,0.2452685534954071
4,4,0.21981696784496307,0.9354268908500671,0.21981696784496307
