,seed,loss,sparse_categorical_accuracy,sparse_categorical_crossentropy
0,0,0.20371593534946442,0.9518581032752991,0.20371593534946442
1,1,0.20292562246322632,0.9514741897583008,0.20292562246322632
2,2,0.17526158690452576,0.9540079832077026,0.17526158690452576
3,3,0.21522708237171173,0.9435657262802124,0.21522708237171173
4,4,0.1952158510684967,0.9544686675071716,0.1952158510684967
